Workbook
Name BatterieListe: Batterien!$A$5:$A$9
Name ZellenListe: Listen!$A$2:$A$21

Sheet Listen
A1: Anzahl Zellen
A2: 1
A3: 2
A4: 3
A5: 4
A6: 5
A7: 6
A8: 7
A9: 8
A10: 9
A11: 10
A12: 11
A13: 12
... A21: 20

Sheet Datenbasis
A1: Datenbasis der Laufzeitprognose
A3: Quelle | B3: Python_UDBF_2026-09-11_09-54-36.csv | D3: Messung am 11.09.2026; Abtastintervall 2 ms
A4: Messdauer CSV | B4: 94.882 | C4: s | D4: 47.442 Samples
A5: Aktiver Block | B5: 4.196 | C5: s | D5: Erkannt bei Strom >= 5 mA
A6: Strom aktiv | B6: 92.676 | C6: mA | D6: Mittelwert im aktiven Block
A7: Strom aktiv Spitze | B7: 252.2 | C7: mA | D7: Hoechster gemessener Wert
A8: Spannung aktiv | B8: 3.518 | C8: V | D8: Mittelwert im aktiven Block
A9: Leistung aktiv | B9: 324.875 | C9: mW | D9: Mittelwert im aktiven Block
A10: Sleep-Strom CSV nach Clamping | B10: 0.0624 | C10: mA | D10: Negative Messwerte wurden fuer die Auswertung auf 0 gesetzt
A11: Sleep-Strom Modell | B11: 0.04 | C11: mA | D11: Benutzerannahme: 40 uA Gesamtstrom im Sleep
A13: Modell | B13: Energie-Modell | D13: Batteriespannung, nutzbare Kapazitaet und Versorgungseffizienz werden beruecksichtigt.
A14: Wichtige Annahme | D14: Die Batterie wird als 1S / parallel angenommen. Keine Reihenschaltung fuer die direkte 3,3-V-Versorgung eintragen.
A15: Sicherheitsreserve | D15: Die Prognose verwendet standardmaessig 80 % nutzbare Kapazitaet, 10 % Alterungsreserve und 90 % Versorgungseffizienz.

Sheet Batterien
A1: Batteriedaten - nominale Vergleichswerte
A3: Hinweis: Die Kapazitaet ist ein nominaler Datenblatt-/Marktwert. Die tatsaechlich nutzbare Kapazitaet haengt von Entladestrom, Temperatur und Abschaltspannung ab.
A4: Batterietyp | B4: Hersteller | C4: Nennspannung [V] | D4: Nennkapazitaet [Ah] | E4: Chemie | F4: Typische Verwendung | G4: Datenbasis / Pruefhinweis
A5: EVE INR18650-35E | B5: EVE | C5: 3.6 | D5: 3.5 | E5: Li-Ion, wiederaufladbar | F5: 18650-Zelle | G5: 3500 mAh Nennkapazitaet; Datenblattbedingungen pruefen
A6: Saft LS26500 | B6: Saft | C6: 3.6 | D6: 7.7 | E6: Li-SOCl2, primaer | F6: C / Baby-Zelle | G6: ca. 7,7 Ah; Kapazitaet abhaengig von Last und Abschaltspannung
A7: Saft LSH14 | B7: Saft | C7: 3.6 | D7: 5.8 | E7: Li-SOCl2, High Power | F7: C / Baby-Zelle | G7: ca. 5,8 Ah; Spiralzelle fuer hoeheren Pulsstrom
A8: Saft LS26500 PLUS | B8: Saft | C8: 3.6 | D8: 8.5 | E8: Li-SOCl2, primaer | F8: C / Baby-Zelle | G8: ca. 8,5 Ah; genaue PLUS-Datenblattkurve pruefen
A9: Saft LS14500 | B9: Saft | C9: 3.6 | D9: 2.6 | E9: Li-SOCl2, primaer | F9: AA-Zelle | G9: ca. 2,6 Ah; Kapazitaet abhaengig von Last und Abschaltspannung
A11: Vor Serienfreigabe bitte die exakte Zellvariante, Entladekurve, Temperatur und Abschaltspannung aus dem Herstellerdatenblatt bestaetigen. Besonders bei LS26500 und LS26500 PLUS koennen die Ah-Werte je nach Pruefbedingung abweichen.

Sheet Vergleich
A1: Batterievergleich bei den aktuellen Parametern
A3: Die Vergleichstabelle verwendet die Eingaben aus dem Blatt Prognose. Aendere dort Batterietyp, Zellzahl, Intervall oder Sleep-Strom.
A4: Batterietyp | B4: Ah/Zelle | C4: V/Zelle | D4: Gesamt Ah | E4: Nutzbar Ah | F4: Batteriestrom mA | G4: Laufzeit h | H4: Laufzeit Tage | I4: Laufzeit Jahre | J4: Verbrauch mAh/Tag
A5: =Batterien!A5 -> EVE INR18650-35E | B5: =Batterien!D5 -> 3.5 | C5: =Batterien!C5 -> 3.6 | D5: =B5*Prognose!$B$6 -> 14 | E5: =D5*Prognose!$B$15/100*(1-Prognose!$B$16/100) -> 10.08 | F5: =IFERROR((Prognose!$B$29/1000)/(Prognose!$B$14/100)/C5*1000,0) -> 0.20333704 | G5: =IFERROR(E5*C5/((Prognose!$B$29/1000)/(Prognose!$B$14/100)),0) -> 49572.868 | H5: =G5/24 -> 2065.5361 | I5: =H5/365 -> 5.6590031 | J5: =F5*24 -> 4.8800889
A6: =Batterien!A6 -> Saft LS26500 | B6: =Batterien!D6 -> 7.7 | C6: =Batterien!C6 -> 3.6 | D6: =B6*Prognose!$B$6 -> 30.8 | E6: =D6*Prognose!$B$15/100*(1-Prognose!$B$16/100) -> 22.176 | F6: =IFERROR((Prognose!$B$29/1000)/(Prognose!$B$14/100)/C6*1000,0) -> 0.20333704 | G6: =IFERROR(E6*C6/((Prognose!$B$29/1000)/(Prognose!$B$14/100)),0) -> 109060.31 | H6: =G6/24 -> 4544.1795 | I6: =H6/365 -> 12.449807 | J6: =F6*24 -> 4.8800889
A7: =Batterien!A7 -> Saft LSH14 | B7: =Batterien!D7 -> 5.8 | C7: =Batterien!C7 -> 3.6 | D7: =B7*Prognose!$B$6 -> 23.2 | E7: =D7*Prognose!$B$15/100*(1-Prognose!$B$16/100) -> 16.704 | F7: =IFERROR((Prognose!$B$29/1000)/(Prognose!$B$14/100)/C7*1000,0) -> 0.20333704 | G7: =IFERROR(E7*C7/((Prognose!$B$29/1000)/(Prognose!$B$14/100)),0) -> 82149.323 | H7: =G7/24 -> 3422.8885 | I7: =H7/365 -> 9.3777766 | J7: =F7*24 -> 4.8800889
A8: =Batterien!A8 -> Saft LS26500 PLUS | B8: =Batterien!D8 -> 8.5 | C8: =Batterien!C8 -> 3.6 | D8: =B8*Prognose!$B$6 -> 34 | E8: =D8*Prognose!$B$15/100*(1-Prognose!$B$16/100) -> 24.48 | F8: =IFERROR((Prognose!$B$29/1000)/(Prognose!$B$14/100)/C8*1000,0) -> 0.20333704 | G8: =IFERROR(E8*C8/((Prognose!$B$29/1000)/(Prognose!$B$14/100)),0) -> 120391.25 | H8: =G8/24 -> 5016.3021 | I8: =H8/365 -> 13.743293 | J8: =F8*24 -> 4.8800889
A9: =Batterien!A9 -> Saft LS14500 | B9: =Batterien!D9 -> 2.6 | C9: =Batterien!C9 -> 3.6 | D9: =B9*Prognose!$B$6 -> 10.4 | E9: =D9*Prognose!$B$15/100*(1-Prognose!$B$16/100) -> 7.488 | F9: =IFERROR((Prognose!$B$29/1000)/(Prognose!$B$14/100)/C9*1000,0) -> 0.20333704 | G9: =IFERROR(E9*C9/((Prognose!$B$29/1000)/(Prognose!$B$14/100)),0) -> 36825.559 | H9: =G9/24 -> 1534.3983 | I9: =H9/365 -> 4.2038309 | J9: =F9*24 -> 4.8800889

Sheet Prognose
A1: Laufzeitprognose - MKP MultiConnect Leer
A2: Deutsche Excel-Tabelle mit Dropdowns, Messdatenbasis und editierbaren Sicherheitsparametern
A4: Eingabe / Parameter | B4: Wert | C4: Einheit | D4: Bedeutung | F4: Schnellergebnis
A5: Batterietyp | B5: Saft LS26500 PLUS | D5: Aus Dropdown waehlen; eigene Typen zuerst im Blatt Batterien ergaenzen | F5: Auswahl | G5: Wert | H5: Einheit
A6: Anzahl Batterien parallel | B6: 4 | C6: Stueck | D6: Dropdown 1-20; direkte Eingabe groesserer Werte ist moeglich | F6: Batterietyp | G6: =B5 -> Saft LS26500 PLUS
A7: Messintervall | B7: 60 | C7: min | D7: Zeit zwischen zwei Messungen | F7: Batterien parallel | G7: =B6 -> 4 | H7: Stueck
A8: Aktive Messdauer | B8: 8 | C8: s | D8: Aus CSV-Messung | F8: Laufzeit | G8: =B34 -> 13.743293 | H8: Jahre
A9: Strom im aktiven Betrieb | B9: 62 | C9: mA | D9: Aus CSV-Messung; editierbar | F9: Verbrauch | G9: =B35 -> 4.8800889 | H9: mAh/Tag
A10: Sleep-Strom Controller | B10: 40 | C10: uA | D10: Zielwert nach Abschalten der 3,3-V-Peripherie | F10: Sleep-Strom | G10: =B25*1000 -> 62 | H10: uA
A11: Zusaetzlicher Sleep-/Leckstrom | B11: 22 | C11: uA | D11: Reserve fuer noch unbekannte Reststroeme
A12: Lastspannung / 3,3-V-Schiene | B12: 3.3 | C12: V | D12: Ausgangsspannung der geschalteten Last | F12: Interpretation: Die Prognose verwendet 40 uA Sleep-Strom plus den optionalen zusaetzlichen Leckstrom. Die aktive Messphase stammt aus der CSV-Messung. Die Zellzahl wird als Parallelschaltung gleicher 3,6-V-Zellen gerechnet.
A13: Nennspannung Batterie | B13: =IFERROR(VLOOKUP(B5,Batterien!$A$5:$G$9,3,FALSE),0) -> 3.6 | C13: V | D13: Wird aus dem Batterietyp gelesen
A14: Versorgungs-/Wandlerwirkungsgrad | B14: 90 | C14: % | D14: 100 % bei direkter Versorgung; sonst Datenblattwert eintragen
A15: Nutzbarer Kapazitaetsanteil | B15: 80 | C15: % | D15: Beruecksichtigt Temperatur, Lastprofil und Abschaltspannung
A16: Reserve fuer Alterung / Unsicherheit | B16: 10 | C16: % | D16: Zusaetzlicher Sicherheitsabzug
A19: Berechnete Werte | B19: Ergebnis | C19: Einheit | D19: Formel / Hinweis
A20: Kapazitaet je Zelle | B20: =IFERROR(VLOOKUP(B5,Batterien!$A$5:$G$9,4,FALSE),0) -> 8.5 | C20: Ah | D20: Aus Batterietabelle
A21: Gesamtkapazitaet nominal | B21: =B20*B6 -> 34 | C21: Ah | D21: Kapazitaet je Zelle x Anzahl
A22: Nutzbare Kapazitaet nach Reserven | B22: =B21*B15/100*(1-B16/100) -> 24.48 | C22: Ah | D22: Nominal x nutzbar x (1 - Alterungsreserve)
A23: Aktiver Anteil je Zyklus | B23: =IFERROR(B8/(B7*60),0) -> 0.0022222222 | C23: % | D23: Aktive Messdauer / Messintervall
A24: Sleep-Dauer je Zyklus | B24: =MAX(0,B7*60-B8) -> 3592 | C24: s | D24: Messintervall - aktive Messdauer
A25: Sleep-Strom gesamt | B25: =(B10+B11)/1000 -> 0.062 | C25: mA | D25: Controller + zusaetzlicher Leckstrom
A26: Mittlerer Laststrom auf 3,3 V | B26: =IFERROR((B9*B8+B25*B24)/(B7*60),0) -> 0.19964 | C26: mA | D26: Zeitgewichtetes Mittel
A27: Leistung im aktiven Betrieb | B27: =B9/1000*B12 -> 0.2046 | C27: W | D27: Strom aktiv x Lastspannung
A28: Leistung im Sleep | B28: =B25/1000*B12 -> 0.0002046 | C28: W | D28: Sleep-Strom x Lastspannung
A29: Mittlere Lastleistung | B29: =IFERROR((B27*B8+B28*B24)/(B7*60)*1000,0) -> 0.658812 | C29: mW | D29: Zeitgewichtetes Mittel auf der Lastseite
A30: Mittlere Batterieleistung | B30: =IFERROR(B29/1000/(B14/100),0) -> 0.00073201333 | C30: W | D30: Lastleistung / Wirkungsgrad
A31: Mittlerer Batteriestrom | B31: =IFERROR(B30/B13*1000,0) -> 0.20333704 | C31: mA | D31: Batterieleistung / Batteriespannung
A32: Prognostizierte Laufzeit | B32: =IFERROR(B22*B13/B30,0) -> 120391.25 | C32: h | D32: Nutzbare Energie / mittlere Batterieleistung
A33: Prognostizierte Laufzeit | B33: =B32/24 -> 5016.3021 | C33: Tage | D33: Stunden / 24
A34: Prognostizierte Laufzeit | B34: =B33/365 -> 13.743293 | C34: Jahre | D34: Tage / 365
A35: Verbrauch pro Tag | B35: =B31*24 -> 4.8800889 | C35: mAh/Tag | D35: Mittlerer Batteriestrom x 24 h
A36: Verbrauch pro Messintervall | B36: =B31*B7/60 -> 0.20333704 | C36: mAh | D36: Mittlerer Batteriestrom x Intervall
